-- phpMyAdmin SQL Dump
-- version 5.2.0
-- https://www.phpmyadmin.net/
--
-- Host: 127.0.0.1
-- Generation Time: Mar 25, 2023 at 12:56 PM
-- Server version: 10.4.27-MariaDB
-- PHP Version: 8.2.0

SET SQL_MODE = "NO_AUTO_VALUE_ON_ZERO";
START TRANSACTION;
SET time_zone = "+00:00";


/*!40101 SET @OLD_CHARACTER_SET_CLIENT=@@CHARACTER_SET_CLIENT */;
/*!40101 SET @OLD_CHARACTER_SET_RESULTS=@@CHARACTER_SET_RESULTS */;
/*!40101 SET @OLD_COLLATION_CONNECTION=@@COLLATION_CONNECTION */;
/*!40101 SET NAMES utf8mb4 */;

--
-- Database: `bbshoescollect`
--

-- --------------------------------------------------------

--
-- Table structure for table `admin`
--

CREATE TABLE `admin` (
  `adminid` int(11) NOT NULL,
  `username` varchar(20) NOT NULL,
  `password` varchar(20) NOT NULL
) ENGINE=InnoDB DEFAULT CHARSET=latin1 COLLATE=latin1_swedish_ci;

--
-- Dumping data for table `admin`
--

INSERT INTO `admin` (`adminid`, `username`, `password`) VALUES
(1, 'admin', 'admin');

-- --------------------------------------------------------

--
-- Table structure for table `contact`
--

CREATE TABLE `contact` (
  `contact_id` int(11) NOT NULL,
  `email` varchar(50) NOT NULL,
  `message` varchar(1000) NOT NULL
) ENGINE=InnoDB DEFAULT CHARSET=latin1 COLLATE=latin1_swedish_ci;

--
-- Dumping data for table `contact`
--

INSERT INTO `contact` (`contact_id`, `email`, `message`) VALUES
(1, '', ''),
(2, '', ''),
(3, '', ''),
(4, '', ''),
(5, '', ''),
(6, '', ''),
(7, '', ''),
(8, '', ''),
(9, '', ''),
(10, '', ''),
(11, '', ''),
(12, '', ''),
(13, '', ''),
(14, '', ''),
(15, '', ''),
(16, '', ''),
(17, '', ''),
(18, 'jsmith@sample.com', ''),
(19, '', ''),
(20, '', ''),
(21, '', ''),
(22, '', ''),
(23, '', ''),
(24, '', ''),
(25, '', ''),
(26, '', ''),
(27, '', ''),
(28, '', ''),
(29, '', ''),
(30, '', ''),
(31, '', ''),
(32, '', ''),
(33, '', ''),
(34, '', ''),
(35, '', ''),
(36, '', ''),
(37, '', ''),
(38, '', ''),
(39, '', ''),
(40, '', ''),
(41, '', ''),
(42, '', ''),
(43, '', ''),
(44, '', ''),
(45, '', ''),
(46, '', ''),
(47, '', ''),
(48, '', '');

-- --------------------------------------------------------

--
-- Table structure for table `customer`
--

CREATE TABLE `customer` (
  `customerid` int(11) NOT NULL,
  `firstname` varchar(50) NOT NULL,
  `mi` varchar(1) NOT NULL,
  `lastname` varchar(50) NOT NULL,
  `address` varchar(100) NOT NULL,
  `country` varchar(50) NOT NULL,
  `zipcode` varchar(20) NOT NULL,
  `mobile` varchar(20) NOT NULL,
  `telephone` varchar(20) NOT NULL,
  `email` varchar(50) NOT NULL,
  `password` varchar(50) NOT NULL
) ENGINE=InnoDB DEFAULT CHARSET=latin1 COLLATE=latin1_swedish_ci;

--
-- Dumping data for table `customer`
--

INSERT INTO `customer` (`customerid`, `firstname`, `mi`, `lastname`, `address`, `country`, `zipcode`, `mobile`, `telephone`, `email`, `password`) VALUES
(1, 'John', 'B', 'Smith', 'Virginia', 'USA', '1234', '939123456', '8464676', 'jsmith@sample.com', 'jsmith5'),
(2, 'Ron', 'B', 'Wade', 'Lagro, Quezon City', 'Metro Manila', '1234', '09345678910', '88823456', 'ronwade@gmail.com', 'dwayne3');

-- --------------------------------------------------------

--
-- Table structure for table `product`
--

CREATE TABLE `product` (
  `product_id` int(11) NOT NULL,
  `product_name` varchar(50) NOT NULL,
  `product_price` varchar(50) NOT NULL,
  `product_size` varchar(50) NOT NULL,
  `product_image` varchar(500) NOT NULL,
  `brand` varchar(100) NOT NULL,
  `category` varchar(50) NOT NULL
) ENGINE=InnoDB DEFAULT CHARSET=latin1 COLLATE=latin1_swedish_ci;

--
-- Dumping data for table `product`
--

INSERT INTO `product` (`product_id`, `product_name`, `product_price`, `product_size`, `product_image`, `brand`, `category`) VALUES
(203, 'Adidas T-Mac 2.0 SVSM Lebron Green and Gold', '2646', '8', '31866305422587519Adidas T-Mac 2.0 SVSM Lebron Green and Gold.jpg', 'Adidas ', 'feature'),
(705, 'Adidas T-Mac 2.0 SVSM Lebron Green and Gold', '2646', '8', '44209534236235003Adidas T-Mac 2.0 SVSM Lebron Green and Gold.jpg', 'Adidas ', 'basketball'),
(836, 'Adidas Duncan TS Bounce Commander Black and Grey', '5130', '9', '51991608488059079Adidas Duncan TS Bounce Commander Black and Grey.jpg', 'Adidas ', 'basketball'),
(1030, 'Adidas T-Mac 1 Black and Blue', '7560', '9', '27201402670527439Adidas T-Mac 1 Black and Blue.jpg', 'Adidas ', 'basketball'),
(4501, 'Air Jordan 32 Black', '4320', '9', '1688633705300854Air Jordan 32 Black.jpg', 'Air Jordan', 'Air Jordan'),
(5801, 'Air Jordan 18 Black and Dark Blue', '9450', '10', '12352343318050618Air Jordan 18 Black and Dark Blue.jpeg', 'Air Jordan', 'Air Jordan'),
(5878, 'Nike Kobe 10 Light Blue Lagoon and Black CH', '53946', '10', '19363869590663464Nike Kobe 10 Light Blue Lagoon and Black CH.jpg', 'Nike', 'Nike'),
(21235, 'Adidas Kobe Crazy 1 Black Og', '42930', '9', '90589925688540175Adidas Kobe Crazy 1 Black Og.jpg', 'Adidas ', 'feature'),
(34654, 'Nike Air Max Duncan Black', '53460', '10', '8668258559042531Nike Air Max Duncan Black.jpg', 'Nike', 'feature'),
(36292, 'Air Jordan 13 Lebron 9 Black', '8046', '11', '51591005319731622Air Jordan 13 Lebron 9 Black.jpg', 'Air Jordan', 'feature'),
(36738, 'Nike Kobe 11 Green Snake and Black', '7290', '9', '96579098830987489Nike Kobe 11 Green Snake and Black.jpg', 'Nike', 'Nike'),
(36932, 'Air Jordan 32 Black', '4320', '9', '58622509287988341Air Jordan 32 Black.jpg', 'Air Jordan', 'feature'),
(68129, 'Nike Kobe 10 Light Blue Lagoon and Black CH', '53946', '10', '25137213604700246Nike Kobe 10 Light Blue Lagoon and Black CH.jpg', 'Nike', 'feature'),
(86554, 'Nike Air Max Duncan Black', '53460', '10', '74665551670985244Nike Air Max Duncan Black.jpg', 'Nike', 'Nike'),
(86786, 'Air Jordan Fly Wade Black and Red', '7560', '8', '94621431720879277Air Jordan Fly Wade Black and Red.jpg', 'Air Jordan', 'Air Jordan'),
(93791, 'Air Jordan 13 Lebron 9 Black', '8046', '11', '34959411763233317Air Jordan 13 Lebron 9 Black.jpg', 'Air Jordan', 'Air Jordan'),
(94078, 'Adidas T-Mac 2 Restomod Black', '7020', '8', '46621142803445865Adidas T-Mac 2 Restomod Black.jpeg', 'Adidas ', 'basketball'),
(162204, 'Adidas T-Mac 5 Black and Red', '17550', '10', '19381725980380899Adidas T-Mac 5 Black and Red.jpg', 'Adidas ', 'basketball'),
(209382, 'Air Jordan CP3 9 Yap Dark Blue, Light Red, and Lig', '6426', '9', '10418561455872176Air Jordan CP3 9 Yap Dark Blue, Light Red, and Light Blue.jpg', 'Air Jordan', 'Air Jordan'),
(695749, 'Air Jordan 11 Black and Red', '4320', '11', '77445544333380891Air Jordan 11 Black and Red.jpg', 'Air Jordan', 'Air Jordan'),
(702774, 'Nike Air Jordan 1 Mid Black', '8424', '8', '22292985847482213Nike Air Jordan 1 Mid Black.jpg', 'Nike', 'Nike'),
(868880, 'Nike Kobe 8 Elite Black and Gold', '10800', '10', '92373370924468471Nike Kobe 8 Elite Black and Gold.jpg', 'Nike', 'Nike'),
(876960, 'Nike Zoom Lebron 6 Low Black', '4860', '9', '2709901529590302Nike Zoom Lebron 6 Low Black.jpg', 'Nike', 'Nike'),
(953596, 'Adidas Kobe Crazy 1 Black Og', '42930', '9', '18882579149895614Adidas Kobe Crazy 1 Black Og.jpg', 'Adidas ', 'basketball');

-- --------------------------------------------------------

--
-- Table structure for table `stock`
--

CREATE TABLE `stock` (
  `stock_id` int(11) NOT NULL,
  `product_id` int(11) NOT NULL,
  `qty` int(11) NOT NULL
) ENGINE=MyISAM DEFAULT CHARSET=latin1 COLLATE=latin1_swedish_ci;

--
-- Dumping data for table `stock`
--

INSERT INTO `stock` (`stock_id`, `product_id`, `qty`) VALUES
(57, 21235, 4),
(56, 203, 5),
(55, 36932, 6),
(54, 36292, 7),
(53, 34654, 7),
(52, 68129, 8),
(50, 36738, 10),
(51, 876960, 6),
(49, 5878, 8),
(48, 868880, 9),
(47, 86554, 8),
(46, 702774, 9),
(45, 86786, 6),
(44, 209382, 7),
(43, 4501, 11),
(42, 5801, 8),
(41, 93791, 9),
(40, 695749, 10),
(39, 7755, 9),
(38, 162204, 3),
(37, 705, 9),
(36, 94078, 3),
(35, 1030, 6),
(34, 953596, 8),
(33, 836, 5);

-- --------------------------------------------------------

--
-- Table structure for table `transaction`
--

CREATE TABLE `transaction` (
  `transaction_id` int(11) NOT NULL,
  `customerid` int(11) NOT NULL,
  `amount` int(11) NOT NULL,
  `order_stat` varchar(100) NOT NULL,
  `order_date` varchar(50) NOT NULL
) ENGINE=InnoDB DEFAULT CHARSET=latin1 COLLATE=latin1_swedish_ci;

--
-- Dumping data for table `transaction`
--

INSERT INTO `transaction` (`transaction_id`, `customerid`, `amount`, `order_stat`, `order_date`) VALUES
(4, 1, 42930, 'ON HOLD', 'Mar 25, 2023');

-- --------------------------------------------------------

--
-- Table structure for table `transaction_detail`
--

CREATE TABLE `transaction_detail` (
  `transacton_detail_id` int(11) NOT NULL,
  `product_id` int(11) NOT NULL,
  `order_qty` int(11) NOT NULL,
  `transaction_id` int(11) NOT NULL
) ENGINE=MyISAM DEFAULT CHARSET=latin1 COLLATE=latin1_swedish_ci;

--
-- Dumping data for table `transaction_detail`
--

INSERT INTO `transaction_detail` (`transacton_detail_id`, `product_id`, `order_qty`, `transaction_id`) VALUES
(1, 953596, 1, 4);

--
-- Indexes for dumped tables
--

--
-- Indexes for table `admin`
--
ALTER TABLE `admin`
  ADD PRIMARY KEY (`adminid`);

--
-- Indexes for table `contact`
--
ALTER TABLE `contact`
  ADD PRIMARY KEY (`contact_id`);

--
-- Indexes for table `customer`
--
ALTER TABLE `customer`
  ADD PRIMARY KEY (`customerid`);

--
-- Indexes for table `product`
--
ALTER TABLE `product`
  ADD PRIMARY KEY (`product_id`);

--
-- Indexes for table `stock`
--
ALTER TABLE `stock`
  ADD PRIMARY KEY (`stock_id`);

--
-- Indexes for table `transaction`
--
ALTER TABLE `transaction`
  ADD PRIMARY KEY (`transaction_id`);

--
-- Indexes for table `transaction_detail`
--
ALTER TABLE `transaction_detail`
  ADD PRIMARY KEY (`transacton_detail_id`);

--
-- AUTO_INCREMENT for dumped tables
--

--
-- AUTO_INCREMENT for table `admin`
--
ALTER TABLE `admin`
  MODIFY `adminid` int(11) NOT NULL AUTO_INCREMENT, AUTO_INCREMENT=2;

--
-- AUTO_INCREMENT for table `contact`
--
ALTER TABLE `contact`
  MODIFY `contact_id` int(11) NOT NULL AUTO_INCREMENT, AUTO_INCREMENT=49;

--
-- AUTO_INCREMENT for table `customer`
--
ALTER TABLE `customer`
  MODIFY `customerid` int(11) NOT NULL AUTO_INCREMENT, AUTO_INCREMENT=3;

--
-- AUTO_INCREMENT for table `stock`
--
ALTER TABLE `stock`
  MODIFY `stock_id` int(11) NOT NULL AUTO_INCREMENT, AUTO_INCREMENT=58;

--
-- AUTO_INCREMENT for table `transaction_detail`
--
ALTER TABLE `transaction_detail`
  MODIFY `transacton_detail_id` int(11) NOT NULL AUTO_INCREMENT, AUTO_INCREMENT=2;
COMMIT;

/*!40101 SET CHARACTER_SET_CLIENT=@OLD_CHARACTER_SET_CLIENT */;
/*!40101 SET CHARACTER_SET_RESULTS=@OLD_CHARACTER_SET_RESULTS */;
/*!40101 SET COLLATION_CONNECTION=@OLD_COLLATION_CONNECTION */;
